,Ticker,DotCOM %,Housing %,Combined %,Difference
158,EFX,100.64838232529027,96.66783669283325,98.65810950906176,0.040346867097543655
380,NXR,102.36479161463139,96.83764175960809,99.60121668711975,0.0554927945547683
428,QCRH,104.77267726508333,97.57435629645764,101.17351678077048,0.0711482727661182
93,CCNE,104.84082078742756,97.52495728770307,101.18288903756532,0.07230336640228159
317,MATX,106.03653291276316,98.08867186277897,102.06260238777107,0.07787241226504817
16,ALG,105.58955119529952,97.46666244725098,101.52810682127526,0.0800063056661506
556,VBF,108.81591635791506,98.56299510278448,103.68945573034978,0.09888104034217199
294,KRC,113.61696569246034,99.65702381457447,106.6369947535174,0.13091087113016567
272,ITW,103.73147325610859,90.89415082364664,97.31281203987761,0.1319181119460546
339,MMU,111.99380927500198,97.04132414986151,104.51756671243174,0.14306193298855244
598,FUSB,103.51828175392059,87.45466658496373,95.48647416944216,0.16822922103555457
362,NNY,111.73750406320391,92.15813109093334,101.94781757706863,0.1920528897783351
213,GIFI,113.82324357556683,93.40675935310956,103.6150014643382,0.19704177902737505
424,PTVCB,108.1936740493641,88.54663519296591,98.370154621165,0.19972560714234158
370,NUV,113.50613072563209,91.56934269805957,102.53773671184584,0.21393867985617665
135,CZNC,115.6240845261907,93.24726406484695,104.43567429551882,0.21426414500877033
346,MSEX,115.36044226693446,92.54273975414952,103.95159101054199,0.21950315806586293
33,ARTNA,100.11894163569875,80.29334140042506,90.20614151806191,0.2197810470732086
251,HUBB,114.05703369492184,90.13360870003217,102.095321197477,0.2343244011017507
312,MAA,107.7195670970803,83.41101690504298,95.56529200106164,0.25436588622328776
536,UBCP,119.54280905574328,91.95383795286061,105.74832350430194,0.26089275166391007
463,SBUX,116.49233847148301,89.55488885692877,103.0236136642059,0.26146869301589326
511,SXT,113.5296363460316,86.84892993411937,100.18928314007547,0.2663029974434462
633,SFST,125.0053678839578,95.56801488292777,110.28669138344279,0.2669166390954895
434,RCS,129.64149532125077,99.0964141910839,114.36895475616734,0.2670749347608227
24,ANF,119.78002318796241,89.48928000505288,104.63465159650764,0.28949055327977546
569,WASH,128.3004017042754,95.31951893634402,111.80996032030971,0.29497267214341877
58,BIG,127.89809424056564,94.3597069841798,111.12890061237272,0.301797165917898
533,TVC,114.55986855686464,84.45259500253212,99.50623177969838,0.30256671382138617
337,MMM,128.21432943623083,93.29611887057877,110.7552241534048,0.3152737113085299
565,VTRS,128.04367388640475,93.12332526979228,110.58349957809851,0.3157826325793779
125,CSWC,102.38778553830616,74.25475364817198,88.32126959323907,0.3185306554095067
329,MGF,113.49816485252721,82.25224434794882,97.87520460023802,0.3192424540229508
413,PNR,108.15557073370702,78.05139726545637,93.1034839995817,0.3233409983710803
369,NUS,127.26036695824341,91.82543263266693,109.54289979545517,0.32347997352400415
489,SPXC,127.44131426905783,91.78843606664282,109.61487516785033,0.32525583911691464
608,FCCY,132.39137111147582,95.34940035213782,113.87038573180682,0.325299422859435
8,AFG,112.48550828574635,80.73589565834392,96.61070197204513,0.3286345299156336
78,BXS,121.41043101682389,87.02697534547411,104.21870318114901,0.32991636454721335
527,TRMK,129.29749982668977,92.65766393163956,110.97758187916466,0.3301552914979229
217,GIM,116.05678087300353,82.77991266536324,99.41834676918339,0.33471556597997154
510,SWX,113.91930191596886,80.61678466123787,97.26804328860337,0.34237881352171656
3,ABM,125.65677432572593,88.61279893590691,107.13478663081642,0.3457698153399191
558,VGR,101.84515157950187,71.70666409727426,86.77590783838806,0.3473139980091906
35,ATAX,131.07497596128442,91.61967118476153,111.34732357302298,0.3543444378404624
373,NVS,116.67071555546518,81.4053984830952,99.03805701928019,0.3560784423053122
237,HMC,110.53128375284784,76.77587715866355,93.6535804557557,0.3604283619474772
62,BKR,110.64973486188485,76.84018161237609,93.74495823713048,0.3606546302360769
124,CSL,121.00353836467326,83.14929764748562,102.07641800607945,0.3708421735070398
618,TVE,120.06773473502564,82.23651238044349,101.15212355773457,0.3740032440642656
174,ETN,107.61058707569006,73.13579584376113,90.3731914597256,0.38147143721589677
411,PKE,127.43289078489401,86.27046709236514,106.85167893862958,0.3852295453042958
498,STBA,123.26931737532414,82.59683868091267,102.9330780281184,0.39513516425983974
170,ESBK,143.3226278861504,95.06167418837197,119.19215103726118,0.4049004341124053
499,STC,136.24789460017575,89.51760276397621,112.88274868207598,0.4139719521519729
169,ERIE,137.43522541457935,89.88171276903607,113.65846909180772,0.41838952280038094
502,STKL,146.2150259075317,95.60782090990047,120.91142340871608,0.4185477564560962
73,BSRR,127.1183118342882,82.95281671026883,105.03556427227852,0.42048134296238304
119,CPK,100.7612467623767,65.66815690905415,83.21470183571543,0.42171742587751165
10,AHPI,129.16833151901264,84.07360908203722,106.62097030052493,0.42294421359953993
162,ELSE,143.14173889988982,91.72883316063691,117.43528603026337,0.43779776485581745
188,FDX,121.44160770679977,77.42965516149519,99.43563143414748,0.44261751960062784
102,CHN,111.34566675688585,70.5494567555938,90.94756175623982,0.4485684851083219
77,BXP,120.55793391086476,76.11780648976601,98.3378702003154,0.45191264901887435
156,ED,126.55954025932354,79.87208135278418,103.21581080605387,0.45232855840532743
406,PEP,108.55705679360857,68.09093228866047,88.32399454113451,0.45815550706441494
589,WTS,115.74560790587778,72.52372523282364,94.13466656935071,0.4591494743460083
42,AVB,122.80957990077981,76.93406965656774,99.87182477867378,0.45934386746088707
507,SWK,130.43695781621634,81.32112794730195,105.87904288175915,0.46388622839899196
342,MPAA,104.70638218569559,64.52689040904544,84.61663629737052,0.47484151503548644
152,EAT,158.13841782990954,97.20798576224922,127.67320179607938,0.4772374406727801
297,LANC,132.6509403323955,81.51883043650082,107.08488538444816,0.47749138183529816
494,SSB,128.27364786032763,78.48070112909876,103.37717449471319,0.48166287166008126
473,SHOO,101.24593689139891,61.75509445960009,81.5005156754995,0.48454714800866555
580,WPC,139.20740710961076,84.04244161168279,111.62492436064677,0.4941993538978496
449,RPM,138.05059868108074,83.2723127452699,110.66145571317531,0.49500781986630743
37,ATO,121.13896507459563,72.84489832675828,96.99193170067696,0.49791839280895855
202,FRAF,145.30165636538607,87.20648536970377,116.25407086754493,0.4997259069050023
91,CCBG,164.98561059140184,98.87064432447178,131.9281274579368,0.501143823844614
429,R,121.2852831594164,72.58330943996063,96.93429629968851,0.5024225230756874
209,GFF,148.82213276204322,88.65834519948902,118.74023898076612,0.506684070025324
353,NDSN,116.15266058746809,69.08868395255904,92.62067227001356,0.5081368498136702
340,MNR,138.13070581087658,81.96400031019296,110.04735306053476,0.5103867011666103
70,BRC,116.50069367796958,69.06286653625048,92.78178010711002,0.5112838650751848
594,Y,100.23598210476878,59.33359404958223,79.7847880771755,0.5126589797496465
606,EMCF,120.61976858932273,71.2067526387906,95.91326061405667,0.5151844034305549
520,TGI,110.72769816190721,65.24449373018898,87.9860959460481,0.5169362720628943
182,FBNC,144.80397935326837,85.0470267341358,114.9255030437021,0.5199625064630705
590,WVFC,129.9984798039538,76.16593806750791,103.08220893573086,0.52222922163037
94,CEA,123.53241791220435,72.0278733484692,97.78014563033678,0.5267382680984227
629,CIR,111.24368781558167,64.64817293122213,87.9459303734019,0.529820023354392
435,RDI,138.14483618944237,79.93820897706382,109.0415225832531,0.533802406949498
562,VNO,126.35753749555106,73.07075534176093,99.71414641865599,0.5343954099557979
459,SAL,135.6188001600937,78.32439673004971,106.97159844507172,0.5356038823656898
386,OFIX,162.64619675828013,93.8417211467588,128.24395895251945,0.536512410982222
54,BCO,123.1823139351167,70.63437570037023,96.90834481774345,0.5422436874097265
508,SWM,144.84025561251613,82.15250945279237,113.49638253265425,0.5523325480588578
289,KMT,127.99018576253107,72.52093493014219,100.25556034633664,0.5532785477510499
529,TRV,116.99030007518785,66.18450662439227,91.58740334979007,0.5547246847555923
228,HE,140.34491665154997,79.09658459189552,109.72075062172274,0.5582201334988713
159,EGP,124.80231934196195,70.3331731028304,97.56774622239618,0.5582700056940377
308,LSI,152.191838647487,84.87754682999574,118.53469273874137,0.5678868377029214
282,JNJ,131.59667797730705,72.62033697842523,102.10850747786614,0.5775849873397279
254,HWKN,102.8539947515575,56.58172085153325,79.71785780154536,0.5804505436563203
220,GPC,134.8448481529693,74.07711232610251,104.4609802395359,0.5817266474766211
247,HSC,104.4361744702265,57.307973190061645,80.87207383014407,0.5827500031611456
453,RTX,108.06210608400339,58.62435285761166,83.34322947080753,0.5931825961184789
465,SCL,120.86400487293949,65.41581324453205,93.13990905873577,0.5953215135033123
617,ORRF,116.30462932791374,62.6714483251666,89.48803882654018,0.5993335165910545
99,CHDN,140.2387730524113,75.50507719538656,107.87192512389893,0.6000977157186475
157,EDUC,184.06933586888067,98.96996279242819,141.51964933065443,0.6013254942260459
427,PZZA,113.45898157584213,60.936938587732946,87.19796008178754,0.602331097411522
570,WBK,120.20773810223355,64.29862138057588,92.25317974140472,0.6060399964356432
190,FELE,131.02227732822695,69.99657267740663,100.50942500281678,0.6071640012775923
140,DE,112.48515656661388,60.011622759810294,86.2483896632121,0.6084001569386444
546,UMPQ,181.61603400218254,96.80140919405295,139.20872159811773,0.6092622921499222
479,SJT,112.97914906978848,59.982011579340856,86.48058032456467,0.6128212517948827
4,ABT,112.51167563372455,59.71340686337609,86.11254124855031,0.6131310028112462
327,MFA,170.45678493060274,90.17853456187528,130.317659746239,0.6160197361205629
634,GLBZ,143.66292091873433,75.79237568978193,109.72764830425814,0.6185364060729495
161,ELS,131.70437113209653,69.32930531655823,100.51683822432739,0.6205434523948455
298,LARK,141.55535103018227,74.43812019397994,107.9967356120811,0.6214746256524278
277,JBSS,142.77288282568404,74.63557961061514,108.70423121814959,0.6268137169226627
640,PKG,160.99303042680683,84.154213224872,122.57362182583941,0.6268788998591591
515,TAP,122.56836528007275,63.9176345539915,93.24299991703212,0.6290094782264496
246,HRL,115.28115628566525,60.102143710734104,87.69164999819968,0.6292390732306209
572,WDFC,143.92842473704536,74.80431560233998,109.36637016969267,0.6320417238631265
19,AMG,120.31382833574864,62.218694216338164,91.2662612760434,0.6365455679585282
492,SRDX,168.7732395324032,87.04794973227176,127.91059463233748,0.6389251026081167
292,KOF,109.35298936265718,56.15473930340434,82.75386433303076,0.6428491344544867
48,B,133.77952193449397,68.41496892314882,101.0972454288214,0.6465512757948065
315,MAT,174.4774058083577,89.0720624370515,131.77473412270461,0.6481162260724378
352,NBTB,125.77012121376174,64.11474704875525,94.9424341312585,0.6493974451904989
112,CNOB,152.1726688403034,77.5260414743725,114.84935515733795,0.6499525161779854
624,UNB,130.01403303861053,66.10668603543415,98.06035953702235,0.6517143859649871
630,CIZN,122.39458580608814,61.957696173220114,92.17614098965413,0.6556673883716989
229,HELE,144.10357407536284,72.73677836016434,108.42017621776358,0.6582427570663343
457,RYN,106.06540488921871,53.530795432836264,79.79810016102749,0.6583441128344026
219,GL,161.53679023456615,81.26452133175438,121.40065578316026,0.6612177536025016
568,WAFD,168.62543033747548,84.5900442928052,126.60773731514034,0.6637460539674374
412,PLCE,134.96065992714153,67.61998521096208,101.29032256905181,0.6648283173377383
206,GCO,139.05049238930238,69.6311144775853,104.34080343344384,0.6653138142260694
364,NRIM,150.67522572463665,74.2521153292105,112.46367052692358,0.6795359784840973
51,BAX,107.58730852255425,52.81994257251467,80.20362554753446,0.6828539928981202
64,BMO,141.8565343052034,69.4381682013332,105.64735125326831,0.6854726147394052
284,KAMN,119.01642710731836,58.22287099492179,88.61964905112008,0.6860053810112464
265,INGR,114.00043828622827,55.570805713448316,84.7856219998383,0.6891455319262905
355,NEM,119.46076686190288,57.86966939994278,88.66521813092282,0.6946477859109854
153,EBF,155.42970760789783,75.272435415775,115.35107151183641,0.6948983753817815
306,LNN,133.1185506922159,64.46407963406222,98.79131516313906,0.6949443981465487
314,MARPS,153.86529994210386,74.50796552608752,114.1866327340957,0.6949791977911661
468,SENEA,109.28859846852373,52.64955067362737,80.96907457107555,0.6995145751008675
196,FL,162.90025691949427,78.25867397709717,120.57946544829572,0.7019568599654413
183,FCAP,160.43478368733545,77.0677862534701,118.75128497040278,0.7020302765956891
90,CBU,132.08485555987312,62.65079412416766,97.36782484202038,0.7131109434596331
44,AWR,123.02286907693242,58.30758369898172,90.66522638795708,0.7137828686494817
167,EPR,154.10889130691777,72.99371059256565,113.55130094974172,0.7143483168920631
552,USAP,107.11280833672245,50.56814963496071,78.84047898584159,0.7172033887809866
136,D,130.45640027237476,61.24391583120602,95.85015805179039,0.7220904571046342
20,AMRB,152.30656188908657,71.17933435293835,111.74294812101246,0.726016530799699
612,PGC,166.5600927635564,77.53238732782735,122.04624004569189,0.7294588133350008
383,OCFC,200.22348486518231,92.92707428043964,146.57527957281098,0.7320225545361719
361,NNN,151.01297351605635,69.7652624998824,110.38911800796937,0.7360119591707255
485,SMID,169.23044678825323,78.10671588430687,123.66858133628006,0.7368381679430961
544,UL,146.14388451780408,67.27925652126613,106.71157051953512,0.7390447691152725
116,COO,161.95891546547364,74.48605764551027,118.22248655549195,0.7399003384935983
540,UG,100.08434560634969,45.84431426674009,72.96432993654489,0.7433773651698122
357,NICK,149.8890677054106,68.57247065630344,109.23076918085702,0.7444477198038272
324,MDU,112.7402454384219,51.48943527119866,82.11484035481027,0.7459164494817797
22,AN,161.97910861560473,73.9524393867975,117.96577400120111,0.7462051597093828
26,AOS,151.63342070409303,69.1943482347404,110.41388446941671,0.7466368280176505
397,PAG,158.53419415702191,71.59914135134912,115.06666775418552,0.7555189917499854
484,SMG,125.52541511001894,56.475805082452936,91.00061009623593,0.7587818362376244
194,FISV,144.52335184880715,64.92329360879536,104.72332272880126,0.7600986691966372
191,FFIC,186.55903462571544,83.43324918896678,134.9961419073411,0.7639165385002804
400,PBT,103.38394438089189,46.2094022732126,74.79667332705225,0.7643995322850884
301,LECO,115.09782376261977,51.43244278348209,83.26513327305094,0.7646103293963407
218,GIS,129.31074763343508,57.71191495424264,93.51133129383886,0.7656701245564433
262,IEX,120.68311359145942,53.84780124369995,87.26545741757968,0.7658850858701333
223,GTY,152.23457743353416,67.90543625591107,110.07000684472261,0.7661409642373099
641,DHC,132.15043235621985,58.8155217622998,95.48297705925982,0.7680417269395156
105,CIA,138.8050024176006,61.75583234240099,100.2804173800008,0.7683371498468229
173,ESS,141.78684560581297,62.987276773404474,102.38706118960872,0.769624285694469
487,SPG,142.3905350073945,63.14688518904067,102.76871009821758,0.771087325535365
31,ARE,138.02889420698833,61.05936047313336,99.54412734006084,0.7732202370001502
582,WRE,162.3661173232474,71.76889541442057,117.06750636883399,0.7738887136058948
201,FOSL,163.81574705344798,72.24042893650339,118.02808799497569,0.7758773328670955
466,SCSC,136.14188278273426,59.99850511572592,98.07019394923009,0.7764171212552814
514,SYY,169.7742115312977,74.54265927348685,122.15843540239229,0.7795740993580693
83,CAH,198.2086209419134,87.02339757630718,142.61600925911029,0.779612498927807
613,PLPC,106.5315369477296,46.68938859787191,76.61046277280076,0.7811223974371244
596,ZNH,157.46402127804785,68.97839568027808,113.22120847916297,0.7815287152146455
376,NWLI,140.02394904911583,61.094317328432226,100.55913318877403,0.7849076381009911
180,FARM,193.88746332645457,84.47024676414266,139.1788550452986,0.7861626432168869
224,GVA,108.32880066621549,46.894099061325505,77.6114498637705,0.7915675034125097
609,FMBH,118.32924698438379,50.95512267001836,84.64218482720108,0.7959875380333247
483,SMBC,149.40097144749652,64.26978317399838,106.83537731074745,0.7968445510879859
244,HP,131.39622348165773,56.29069551588503,93.84345949877138,0.8003277838106128
638,BMRC,142.1945270883596,60.892663090544886,101.54359508945224,0.80065969622401
328,MGEE,139.7712384121319,59.7705256976092,99.77088205487055,0.8018442963200934
438,REG,153.3439363544357,65.19184309134607,109.26788972289089,0.8067520429528562
11,AIT,105.94991680977644,44.90660042761919,75.42825861869781,0.8092897476361108
283,K,135.86798154705963,57.496431642507304,96.68220659478347,0.8106098595062569
493,SRE,107.06126815797494,45.01665779540248,76.03896297668871,0.8159581342737866
454,RWT,222.78168098893298,93.43777481415472,158.10972790154386,0.8180641880259366
619,SKX,186.48487874367459,77.82033531114566,132.1526070274101,0.822265605475271
177,EXP,120.49154052932849,50.12211197851369,85.30682625392109,0.8248979787544295
285,KBH,230.61515287790084,95.5416353753298,163.0783941266153,0.828273532039437
12,AJG,185.35698691773496,76.75783236503328,131.0574096413841,0.8286380361847868
268,IRM,116.71452090077983,48.27981459012168,82.49716774545075,0.8295400700520648
469,SENEB,122.82012749764219,50.62817411701892,86.72415080733056,0.8324319432196858
249,HSY,153.0159792591697,63.05280209232353,108.03439067574662,0.8327272140300286
321,MCY,177.3754585579909,73.05348344596894,125.21447100197992,0.8331463150962192
274,JACK,115.9760771755967,47.72131603722496,81.84869660641083,0.8339138430828191
637,NKSH,135.3476441839102,55.5674545173995,95.45754935065486,0.8357661621234926
142,DEO,153.62396547030752,62.71617226215703,108.17006886623227,0.8404154139956309
193,FHI,181.6192288907698,73.98624217159728,127.80273553118354,0.8421806174321701
605,CVCY,148.87808128361038,60.04631077518432,104.46219602939735,0.8503724206930072
476,SIGI,144.29877415483637,57.878107908975316,101.08844103190584,0.8549015630638194
599,OPOF,158.0509239003787,63.16889421017119,110.60990905527495,0.8578076819753304
56,BDX,102.06011579818173,40.7736258658278,71.41687083200476,0.8581514314246458
488,SPH,135.48544499321972,54.102355601143245,94.79390029718148,0.8585266471464752
447,ROP,101.51759443527826,39.9501859796854,70.73389020748183,0.8704089125452993
154,ECL,127.64888571891322,50.156523340848835,88.90270452988102,0.8716535991547758
467,SEIC,162.7071375438806,63.93026935015639,113.31870344701849,0.8716731235802286
423,PSB,149.4039508558602,58.65121548555007,104.02758317070513,0.8723910774836371
539,UFPI,142.03780666640503,55.648450896871125,98.84312878163809,0.8740046661248779
65,BMTC,171.79056323590135,67.30507359821183,119.54781841705659,0.8740058247920478
554,UVSP,152.43197684438132,59.529866573653436,105.98092170901738,0.8765927751204236
579,WM,147.39093689256882,57.255510502844785,102.3232236977068,0.8808892364064962
477,SJI,105.093801995141,40.76736468859572,72.93058334186836,0.8820227997493123
382,O,152.36179937894804,58.98932090693344,105.67556014294074,0.8835768492328355
313,MAGS,188.20447680771787,72.84677546437052,130.5256261360442,0.8837935105793889
89,CBSH,145.93580471584966,56.47274797377024,101.20427634480995,0.8839849458265242
287,KFS,255.47376460397638,98.58139172109277,177.02757816253458,0.8862594998550778
267,IPAR,135.80312392364752,52.30916210677439,94.05614301521095,0.8877034411603538
537,UBP,152.31704599605632,58.55764546849157,105.43734573227394,0.8892427998485302
28,APD,148.40856285050594,56.97408132214896,102.69132208632746,0.8903817739486555
225,HA,132.33795161259368,50.728984365418064,91.53346798900587,0.8915751696087568
106,CIGI,168.92475364614265,64.60759556551426,116.76617460582845,0.8933850786220869
176,EXC,105.43045518962397,40.21878809267741,72.82462164115069,0.8954618043644967
335,MKL,135.59618753433116,51.63193369483642,93.61406061458379,0.8969192585842629
15,ALCO,160.7427417668489,60.976215961712555,110.85947886428073,0.8999368103405493
256,IBOC,183.10914450703692,68.73147304039918,125.92030877371805,0.9083337912725205
519,TFX,154.39824584216308,57.86554889247396,106.13189736731852,0.9095540487285654
517,TCBK,146.10764554088203,54.730613507765426,100.41912952432372,0.9099564242984508
451,RS,112.97452158239179,42.25941411731027,77.61696784985102,0.9110779437027087
358,NJR,121.51525692579366,45.1563674741352,83.33581219996444,0.9162794174062305
535,UBA,149.04408063613795,55.38146647650818,102.21277355632307,0.916349404294544
307,LOW,181.97801271087425,67.5684795754803,124.77324614317727,0.9169396218489743
521,THFF,137.77429037217647,51.111475004782335,94.4428826884794,0.9176214543689027
377,NWN,132.6335601327286,49.15963569922023,90.89659791597441,0.9183393696502522
490,SR,120.17800065186906,44.433663215470524,82.3058319336698,0.9202791060716187
117,COP,124.83201692990286,46.04184427245748,85.43693060118017,0.9222027535754782
404,PEAK,162.97468551755435,59.97572570595477,111.47520561175456,0.9239629498448648
573,WEC,124.79723871189042,45.86895818295969,85.33309844742504,0.9249433334189732
126,CSX,117.41733968447035,43.14106543828734,80.27920256137884,0.9252243654188494
495,SSD,152.82214144826625,56.096541249901286,104.45934134908377,0.9259641019095259
264,INDB,188.40162326435467,69.05907894165433,128.7303511030045,0.9270738664202629
392,OSIS,169.76503893510645,62.125638924711104,115.94533892990877,0.9283633219224575
96,CFR,146.93693880632287,53.77120566737085,100.35407223684686,0.9283702301494099
80,CAC,164.90842848484652,60.300076552594376,112.60425251872044,0.9289911312617702
235,HL,247.27272654264166,89.55570486075996,168.4142157017008,0.9364828320741865
545,UMBF,115.78878705171422,41.71925938952362,78.75402322061892,0.9405173809939167
300,LCII,167.88008540296855,60.240573199896275,114.0603293014324,0.9437068335881132
151,E,137.23337118364108,49.071548161795334,93.15245967271821,0.9464250684479341
85,CASY,127.65968528813585,45.55425478446134,86.60697003629859,0.9480233573494443
365,NRT,160.16893073022283,57.15173195279781,108.66033134151031,0.9480663044699413
13,AKR,139.09690428837948,49.451676546332145,94.27429041735581,0.9508979313997967
41,AUB,173.4663515634886,61.437755235665925,117.45205339957725,0.9538240761674576
139,DCO,171.12356808658723,60.5004828356282,115.81202546110771,0.9551951518895485
331,MHK,214.30260155422815,75.54021041780786,144.921405986018,0.9575009998854696
38,ATR,120.1356405742289,42.22649660262439,81.18106858842664,0.9596959651589438
232,HFWA,196.8280715944333,68.94680933624244,132.88744046533787,0.9623276798046779
215,GIL,133.03004133547088,46.58768433272352,89.8088628340972,0.9625147705347441
368,NSYS,226.96496456227305,79.40663222573396,153.1857983940035,0.9632637873976396
567,WABC,163.42356309050493,57.1405727760102,110.28206793325757,0.9637377345772744
123,CRVL,165.56583013519796,57.829164580441784,111.69749735781987,0.964539654900456
566,WAB,113.56121805275275,39.50339005862234,76.53230405568755,0.9676675608804796
474,SHW,124.38246447294068,42.69663560891235,83.53955004092651,0.9778102566270703
330,MGRC,116.87337731148124,39.95501295790085,78.41419513469104,0.9809239796628495
410,PII,227.55491429367146,77.27892961022744,152.41692195194946,0.9859534148762014
359,NKE,119.05013356435705,40.29178066022923,79.67095711229314,0.9885453339429696
561,VMI,128.21397350021851,43.387991227331355,85.80098236377493,0.9886364926831022
354,NEE,124.65405484589279,42.005958051749126,83.33000644882095,0.9918167574474377
441,RJF,139.88655937872616,47.08592207306449,93.48624072589533,0.9926662638810788
378,NWPX,129.30055076151092,43.48712728434286,86.3938390229269,0.9932817484172128
286,KEX,118.53028846499092,39.84161270420263,79.18595058459678,0.9937201634868644
6,ADM,114.45574298174375,38.28802467113676,76.37188382644025,0.9973266926831708
131,CVBF,180.96374069284158,60.3125877889265,120.63816424088404,1.0001076662854809
471,SFNC,146.66767881668628,48.72826900921658,97.69797391295143,1.002471247712193
631,MSVB,204.89487805611373,67.99531938037954,136.44509871824664,1.0033307166161092
432,RBCAA,126.14253833900595,41.82326065854205,83.982899498774,1.0040053175550911
419,PRG,124.99560184065915,41.405867507733305,83.20073467419623,1.0046754353823064
100,CHE,106.8988938686072,35.27426860654456,71.08658123757588,1.0075688549810629
557,VFC,147.79031540547197,48.51389100129603,98.152103203384,1.0114548864883945
592,WWW,137.33069680426755,45.00618325283039,91.16844002854897,1.012680632930937
241,HNRG,111.13413945876782,36.27406848898338,73.7041039738756,1.0156838891402649
538,UFCS,162.36107939642315,52.78009725459981,107.57058832551148,1.0186890659204015
186,FCNCA,159.71710605325043,51.91300500249834,105.81505552787439,1.018797377300943
626,BNS,138.85389563544905,45.13107894605748,91.99248729075326,1.0188094642247187
269,ITIC,127.89888370096256,41.541444822557125,84.72016426175983,1.0193256780237927
366,NSC,132.8635941266709,43.04984916997305,87.95672164832197,1.0211129209180947
348,MTRX,132.6259566742541,42.96869177434245,87.79732422429828,1.0211844801882768
189,FE,137.95255935645972,44.64076274266671,91.29666104956321,1.0220723906116984
388,OKE,148.23890305652841,47.90621047335408,98.07255676494125,1.0230455480389906
279,JEF,150.09822838471237,48.487081775101736,99.29265507990705,1.0233500809081775
9,AGCO,177.80285846453944,57.23409852840634,117.5184784964729,1.0259557601381961
127,CTBI,149.97625847544663,48.245915582533115,99.11108702898987,1.026427475900426
57,BFS,153.16638643516075,49.23838296542128,101.20238470029102,1.0269323571526532
226,HALL,101.30781622911502,32.53879235081384,66.92330428996443,1.0275796242866255
310,LTC,108.28831655533264,34.70867498831383,71.49849577182323,1.0291075465676542
281,JLL,166.88678833017468,53.47713217035663,110.18196025026566,1.0292942320341827
214,GIII,179.50737518484004,57.45585523997756,118.4816152124088,1.0301304529487865
550,UNP,147.30122306248822,46.561934407409005,96.93157873494862,1.03928245025847
293,KOSS,212.81903306871416,66.88970547945652,139.85436927408534,1.0434377441813538
197,FLIC,159.10977546413275,49.63795790547032,104.37386668480154,1.0488431734473935
318,MCK,148.0233280261347,45.93404313803763,96.97868558208616,1.0526981704828853
555,UVV,192.55028883787855,59.733967172098126,126.14212800498834,1.052910108354349
95,CERN,127.58345938580271,39.536236399370836,83.55984789258677,1.0537025282718737
32,AROW,167.62118947316762,51.90188235302631,109.76153591309696,1.0542792259372298
255,IART,130.92165525879352,40.35177761687031,85.63671643783192,1.0576056790742616
97,CHCO,176.18885492920623,54.26548882564113,115.22717187742367,1.0581129790572723
525,TK,166.76025298453848,50.910810209487536,108.83553159701302,1.064445049104078
52,BBBY,221.9009265157719,67.31142826775661,144.60617739176428,1.0690379971057835
122,CRT,145.55208042602658,44.1317874070077,94.84193391651714,1.0693612923191995
203,FRT,137.4734389642565,41.653400307895005,89.56341963607575,1.0698568572494034
375,NWFL,149.82450917244068,45.371311511693825,97.59791034206725,1.070240103447428
586,WTFC,280.33647420370875,84.83779427944724,182.58713424157798,1.0707144330640541
602,EWBC,254.29699210815974,76.87938981878598,165.58819096347287,1.0714387376120942
575,WERN,182.23954090683904,55.00514593459346,118.62234342071625,1.0726005852117175
442,RL,140.67749870175322,42.28501496932035,91.48125683553678,1.0755480098980381
345,MSB,122.70724906830527,36.81673101152461,79.76199003991493,1.0768351944804644
420,PRGO,123.64619509201937,37.072356329857335,80.35927571093835,1.0773347320050295
150,DVN,122.50104155158907,36.480028343047955,79.49053494731851,1.082154161694227
146,DHR,131.7621709231511,39.09820215223785,85.43018653769448,1.084674779798438
601,FXNC,153.74493528563733,45.42451669041693,99.58472598802713,1.087721209457799
603,GBL,174.9461303201619,51.63339851387511,113.2897644170185,1.088471958970396
543,UHT,166.53728662364492,49.133959803242924,107.83562321344392,1.0887248881384983
639,SMMF,188.81687398176743,55.67273212444167,122.24480305310455,1.089159935899168
113,CNTY,223.07424297057636,65.6769403022862,144.3755916364313,1.0901932998802895
422,PSA,136.07517448104812,40.004326919224795,88.03975070013647,1.0912212585544545
109,CMC,115.69251152904742,33.857615127282415,74.77506332816492,1.0944142707391185
128,CTO,144.96598001842628,42.37951493245175,93.67274747543901,1.095158067322331
107,CLGX,169.11737850792846,48.11624894897676,108.61681372845261,1.1140184047514088
401,PCAR,112.33158515201995,31.85284711759204,72.092216134806,1.1163304771203022
455,RY,158.15919757766108,44.36024768268801,101.25972263017454,1.1238323287788856
288,KGC,114.7359585162478,32.16293958108367,73.44944904866574,1.1242156340812488
53,BBQ,260.5868455153786,72.01707512616512,166.30196032077188,1.1338998651939538
480,SKT,131.75146557962088,35.97634634067712,83.863905960149,1.1420302708587748
334,MKC,161.8520863610995,44.103473004699076,102.9777796828993,1.1434370960316405
472,SGMS,137.19266711698924,37.31372862394118,87.25319787046521,1.1447023253099196
574,WELL,172.49086887687676,46.67542902510887,109.58314895099281,1.1481276186727798
243,HOPE,207.60047335363416,56.17204473927095,131.88625904645255,1.1481744171773618
66,BOH,170.82983020603072,46.11146110744111,108.47064565673591,1.1497891281413677
542,UHS,211.3757085969715,57.00378941032942,134.18974900365046,1.150400237967824
304,LKFN,154.13473918705742,41.32117320394795,97.72795619550268,1.1543632996624666
86,CATO,179.40472246528037,48.07196635779431,113.73834441153734,1.1546919975578964
522,THO,236.7846705666952,63.24434590570833,150.01450823620178,1.1568236079389274
621,EGBN,202.00802489739144,53.788936407375765,127.8984806523836,1.158880760224679
221,GRC,138.9264560279343,36.925322646069056,87.92588933700168,1.1600807697368416
512,SYBT,164.1242818179637,43.50008113545588,103.81218147670978,1.1619464976715648
76,BWA,167.79526995053797,44.2743149746392,106.03479246258858,1.16490966886628
371,NVO,102.03973171342862,26.864428760644444,64.45208023703654,1.1663751220489804
84,CASS,108.15554017038087,28.334336016659446,68.24493809352016,1.1696282007661523
253,HWC,177.86766590976356,46.51411042516552,112.19088816746454,1.170804132404495
402,PDCE,113.6959655800512,29.661486843256064,71.67872621165363,1.1723768428676777
211,GGG,179.9779594392033,46.949254263210946,113.46360685120712,1.1724350112582118
374,NWBI,169.7105372292232,44.23917509403583,106.97485616162952,1.172905172647405
417,PPL,142.54298807377293,36.98956900498489,89.7662785393789,1.175869388664515
623,LII,142.47632005719652,36.825139018992864,89.6507295380947,1.1784754188008029
395,PAA,155.9720992966217,40.19682053843043,98.08445991752606,1.1803631161912955
486,SO,184.65032005608734,47.37258485805456,116.01145245707094,1.1833119255948568
50,BANF,161.59056107997822,41.33805299708291,101.46430703853056,1.1851705451181962
181,FAST,138.85652859605167,35.23978236759972,87.0481554818257,1.1903382174489097
446,ROL,117.5738396655188,29.685408376957167,73.62962402123799,1.1936558478583401
137,DAKT,152.7432216601699,38.224050759151694,95.4836362096608,1.1993591304960318
390,ORI,250.0770016853242,62.491784483542226,156.28439308443322,1.2002811893087646
461,SBR,158.37392591275645,39.353759342700585,98.86384262772852,1.2038796329030617
178,EXPD,135.10069278816437,33.48641555942846,84.29355417379641,1.2054809910996
234,HIFS,208.74289158664615,51.66317153542318,130.20303156103466,1.2064213725898498
129,CTSH,101.11514245014124,25.012752642659425,63.06394754640033,1.2067495418279712
245,HRB,215.49035719674245,53.079040373607,134.28469878517473,1.2094551225300583
278,JCTCF,179.7605984145369,44.22282581078838,111.99171211266264,1.2102482411144742
615,YORW,194.69274439866294,47.83162876452429,121.26218658159361,1.211103970447707
431,RBA,106.36241140659688,26.11091913519089,66.23666527089388,1.2115871465327315
230,HES,129.72161464667354,31.823908159414017,80.77276140304377,1.2120138619350265
627,MFC,179.46391010711292,43.79082597886328,111.62736804298811,1.2154105799215962
238,HMY,232.8353494461107,56.691074629364316,144.7632120377375,1.2167751208147297
101,CHH,136.9230409714602,33.291940563594736,85.10749076752748,1.2176495802341951
351,NAII,150.94350247731606,36.56146264902708,93.75248256317157,1.2200427839467287
360,NLY,229.88828281451185,55.6790062743511,142.78364454443147,1.220092659043664
578,WIRE,113.99172215887043,27.48662348088135,70.73917281987589,1.2228740488421908
14,ALB,163.18850844174943,39.197055506098934,101.19278197392418,1.2252993792343922
588,WTRG,153.26676318482987,36.71323394968689,94.98999856725838,1.2270084323942416
501,STFC,174.82341262901983,41.83846445228196,108.33093854065089,1.2275805044081256
207,GD,179.57147196240243,42.90856377528455,111.2400178688435,1.228540868702925
34,ASA,163.07148424903778,38.93462343467341,101.0030538418556,1.2290406685002837
303,LIN,131.95054313240314,31.441204224333386,81.69587367836826,1.2302866030146022
79,BYFC,280.8542247934428,66.6857389057728,173.7699818496078,1.2324826394528015
87,CB,177.96668085491868,42.19041449921016,110.07854767706442,1.233448925525735
513,SYK,172.7288141847109,40.63799911381329,106.6834066492621,1.23815707821523
482,SM,168.4367107936571,39.31929187249056,103.87800133307384,1.2429717289916387
439,RES,150.72746716478017,35.1032786190271,92.91537289190363,1.2444032128060072
367,NSSC,245.18952135113014,56.76914295187512,150.97933215150263,1.2479878915491662
505,STZ,201.13754852471666,46.16595244068925,123.65175048270297,1.2532907579477057
200,FLS,114.61058412041388,26.263672903537433,70.43712851197566,1.2542662241243376
560,VLO,121.85008034490833,27.77160533297608,74.81084283894221,1.2575513313554119
260,IDXX,142.56410094252956,32.36232431694132,87.46321262973544,1.2599786048577208
421,PRPH,198.08534732038834,44.67800437712405,121.38167584875619,1.2638426835893475
138,DCI,163.75314507248967,36.933421556335524,100.3432833144126,1.263858619403364
166,EPD,205.12318171138074,45.96967880367471,125.54643025752773,1.2676864055890846
548,UNFI,176.2885665689531,39.4483280245545,107.8684472967538,1.268584483912532
399,PBCT,112.42141034293971,25.08172039995789,68.7515653714488,1.2703665650535472
363,NOC,252.23110496271676,54.7126945809404,153.4718997718286,1.2870004911350748
47,AZZ,114.45237833713561,24.706730636785746,69.57955448696067,1.2898278576527584
30,ARCB,240.28996145013997,51.85945555542663,146.0747085027833,1.2899598282691285
295,L,182.46947258683838,39.22534741007657,110.84740999845748,1.2922640698484082
88,CBRL,240.095293398775,51.4861735603968,145.7907334795859,1.2936975851403332
583,WRLD,143.0896149510911,30.645107522972303,86.8673612370317,1.294439083067065
403,PDCO,245.40201308548566,52.53450177376698,148.96825742962633,1.2946886446787542
261,IEP,111.98923906597128,23.918243029655674,67.95374104781348,1.2960433771313231
103,CHRW,117.65019268549088,25.068309662087923,71.3592511737894,1.297405473018875
275,JAN,223.31660747979436,47.56912771017106,135.44286759498272,1.2975764829135499
532,TTI,224.14307242116652,47.59574224382289,135.86940733249472,1.299389860038937
478,SJM,203.4335989964279,43.07361733904989,123.25360816773889,1.3010570971613271
29,APOG,220.05845312643086,46.49248187132745,133.27546749887915,1.3023099788155919
475,SHYF,246.83370152466847,51.9697277888912,149.40171465677983,1.3042954305004983
387,OII,132.96729126086885,27.994004493351472,80.48064787711016,1.3043295442626932
296,LAKE,186.47410928828867,39.2384250142168,112.85626715125274,1.3046301104106428
349,MUR,150.70828760810076,31.5701135222618,91.13920056518128,1.3072110940959292
195,FIZZ,174.097235538578,36.42085174894955,105.25904364376377,1.3079767687760602
67,BOKF,208.8349826590204,43.60470668465911,126.21984467183975,1.309067337263369
576,WEYS,145.0071922632606,30.226574085403467,87.61688317433203,1.3100285472318982
597,STL,180.85365856377243,37.6891178300626,109.27138819691751,1.3101740821276435
500,STE,201.532656339218,41.950519118405616,121.74158772881181,1.3108268111000254
635,SNN,193.1929320773633,40.16074450794593,116.67683829265462,1.3115901134171501
585,WSO,141.53977336613855,29.38391626224893,85.46184481419374,1.3123500592309056
344,MSA,178.36444660431366,36.79575758132665,107.58010209282016,1.3159374853617585
75,BVN,118.92359777168977,24.439851195622506,71.68172448365614,1.3181009142380513
614,CNX,104.60462553824709,21.491992547986335,63.04830904311672,1.3182373048803369
396,PAAS,141.1620335377317,28.845505215232404,85.00376937648205,1.3213123270457445
425,PVH,186.50610288889987,38.032066764828556,112.26908482686422,1.322483712707203
132,CW,149.84457232603225,30.45084752790696,90.14770992696961,1.3244232703731291
319,MCO,234.64764636070376,47.38389153954537,141.01576895012457,1.3279632215273112
587,WTM,260.52875864550066,52.58470022026697,156.5567294328838,1.328234558670822
175,ETR,168.67431829858398,33.68423644601223,101.1792773722981,1.3341672856178228
257,ICLR,109.78797844356782,21.896155966588562,65.8420672050782,1.3348885630097658
61,BKE,137.99398005866945,27.492425065334647,82.74320256200205,1.335475925173824
496,SSL,144.40375855003904,28.69920684915992,86.55148269959949,1.3368292268598483
584,WSFS,236.2635559643533,46.87440878373877,141.56898237404602,1.3377870208900746
332,MHO,474.24099757281175,93.6089304919784,283.92496403239505,1.340607960902671
21,AMWD,287.39528068932987,56.59986173193339,171.99757121063163,1.3418527792741899
118,CP,178.07080634895772,34.95002946921839,106.51041790908806,1.3437256156660657
611,SHEN,133.3610527527909,26.161501315911796,79.76127703435135,1.3440049535655092
343,MRTN,126.24834651780633,24.633952434790718,75.44114947629852,1.3469359200967634
547,UNF,210.17632542741484,40.91744539296317,125.546885410189,1.3481726725553251
164,ENB,150.2200925814109,29.08697000974845,89.65353129557968,1.3511249453442873
192,FFIN,160.32225049037686,30.902817167540636,95.61253382895875,1.3535822986801567
452,RSG,168.26473103364793,32.1212780135998,100.19300452362387,1.3588119616469605
426,PXD,288.42702044855196,54.85075786396016,171.63888915625606,1.360858624364257
636,TDY,190.23442982260636,36.108904538204904,113.17166718040563,1.3618737721581122
620,GCBC,207.19190824246795,39.27164287850713,123.23177556048753,1.3626377174249042
205,GBCI,169.44787662174775,32.04543016352047,100.74665339263412,1.3638412972660903
385,OFC,168.53007042287416,31.84452173232279,100.18729607759848,1.3643002061327592
389,OMI,143.25855348374992,26.943267914478046,85.10091069911398,1.3667924892193062
531,TTC,168.06667202774338,31.55971965014337,99.81319583894337,1.3676243028814044
2,ABEV,124.11791969411262,23.305719778852225,73.71181973648243,1.3676531155472897
622,FNLC,184.57165437890185,34.60510759195467,109.58838098542826,1.3684529823183347
71,BRKL,265.0624561158992,49.575308091128036,157.3188821035136,1.3697475162770585
208,GEO,123.2847775975261,23.042653511533356,73.16371555452973,1.370107071876102
462,SBSI,189.76014586506722,35.12386971157684,112.44200778832203,1.3752536013462269
236,HLIO,110.75265275391885,20.33756042622906,65.54510659007396,1.3794331420216517
210,GFI,261.65945949454834,46.55989788885657,154.10967869170247,1.3957563433507638
577,WINA,236.09722498480897,41.5219506013664,138.8095877930877,1.4017423254183299
437,RE,215.57738399414475,37.817233702712606,126.69730884842868,1.40303019777706
506,SU,157.5689766819969,27.61985335949182,92.59441502074436,1.4034229093989303
443,RLI,171.67871341253215,29.82259246917694,100.75065294085454,1.4079920755117246
408,PHM,253.30311187866764,43.891687153647204,148.59739951615742,1.4092536303251426
115,COLM,268.7981757278916,46.32000537237783,157.5590905501347,1.412030049035616
134,CYD,219.021234966231,37.418380476927894,128.21980772157946,1.416340093752451
23,ANDE,158.8983534653666,26.704590512061543,92.80147198871407,1.424479160948887
524,TJX,234.53460785788104,38.9401778154728,136.73739283667692,1.4304384922420736
222,GROW,100.68145592661722,16.710226895591948,58.69584141110458,1.430616326681346
460,SAM,180.58674963563882,29.747202701499887,105.16697616856936,1.4342862410759267
456,RYAAY,193.65841120247188,31.82071100476437,112.73956110361813,1.4355005342708724
148,DRI,229.56484328020466,37.249244313641974,133.40704379692332,1.441570051273394
271,ITT,218.04676880234237,35.193064178486885,126.61991649041462,1.4441148730160305
541,UGI,167.96684077886817,26.970727001593037,97.46878389023061,1.446577131156833
604,VERU,185.0060075628031,29.697005157670215,107.35150636023666,1.4467333311930108
516,TARO,459.2730827847221,73.15685902363795,266.21497090418,1.4503925998213705
143,DGICB,148.84770923031513,23.70482589309303,86.27626756170409,1.4504902318325363
381,NYCB,296.69940543386633,47.00763511977266,171.8535202768195,1.4529336955791963
600,DCOM,314.2386200289577,49.232789931430176,181.73570498019393,1.4581935350921198
616,TOWN,201.0854967426045,31.363690557572347,116.22459365008842,1.4602916719675108
81,CACC,176.44182005586308,27.484645172703527,101.9632326142833,1.4608910591001918
111,CNI,156.46583314717313,24.35486985519259,90.41035150118286,1.4612371382081408
114,COG,136.40770729790367,20.884642410104078,78.64617485400387,1.4688961682148272
212,GHM,109.61652429015787,16.646680882034246,63.13160258609606,1.4726355676039666
407,PGR,265.2519790336228,40.191111196200765,152.72154511491178,1.4736680909565194
336,MLAB,141.1800186741986,21.37265455564739,81.276336614923,1.4740743629499857
607,UTMD,205.91009995937188,31.169687734746006,118.53989384705895,1.474106366672449
593,XRAY,224.592941034317,33.956432663452304,129.27468684888464,1.4746623102921055
49,BAM,162.66028034899364,24.592030403567414,93.62615537628052,1.4746760602369535
415,POOL,228.66162039014904,34.397762592648206,131.52969149139864,1.4769582106881525
263,IGT,334.5118383943747,49.79176049872371,192.1517994465492,1.481745571551889
528,TRP,191.9610554034825,28.57011598947512,110.26558569647881,1.4817945089754787
464,SCHN,103.59908682993361,15.383331727716968,59.49120927882529,1.4828368118853366
0,AAON,207.36214224054015,30.648903143670726,119.00552269210544,1.4849162887512966
27,APA,161.33805804197627,23.76855286374821,92.55330545286223,1.4863813291713581
133,CWCO,201.52781099769788,29.460562836027183,115.49418691686253,1.4898347073132936
184,FCFS,107.65429303429879,15.704290672142584,61.67929185322069,1.4907759087275394
316,MATW,212.03129025332302,30.189352990294914,121.11032162180896,1.5014569759864538
98,CHD,170.23391814893515,24.15427287482195,97.19409551187854,1.5029683079489138
5,ACGL,183.9385112494755,25.61243190570487,104.7754715775902,1.5110987043043198
470,SF,114.25324837200108,15.681614299896813,64.96743133594894,1.5172469042586396
258,ICON,116.0159951216569,15.85639989344049,65.9361975075487,1.5190380855181957
625,ARLP,172.31007657117985,23.44856517321388,97.87932087219687,1.520867840841863
145,DHI,302.0237219702866,41.06197721615945,171.54284959322302,1.521262736237283
168,EQT,193.71241881073752,26.11224588018924,109.91233234546338,1.5248532112280841
130,CUB,222.58368407749046,29.86929843637553,126.226491256933,1.5267348693773508
172,ESGR,198.5718422667745,26.566279181833202,112.56906072430385,1.5280003402196372
563,VSEC,103.38854143303928,13.814997868786644,58.60176965091296,1.5285126046164914
280,JJSF,207.77520783656956,27.617624587989788,117.69641621227967,1.5306972722401664
398,PB,223.34928257926455,29.60675847622883,126.4780205277467,1.5318276115851495
433,RCII,301.95118579378743,40.00023991567458,170.975712854731,1.5320944799959904
518,TEVA,170.9225953771796,22.224389867095866,96.57349262213773,1.539741408047588
595,YUM,197.19881272815232,25.618728739645096,111.4087707338987,1.5400949391886611
82,CACI,250.56887633780966,31.616544807890723,141.0927105728502,1.551833051055232
309,LSTR,170.41031921006038,21.297680735364192,95.85399997271229,1.555622493762864
163,EME,226.17499717314922,28.25751490345493,127.21625603830208,1.5557562251329389
233,HIBB,193.02771254953336,24.03853405468248,108.53312330210792,1.5570286135087092
45,AXR,156.14266242696152,19.43924198144359,87.79095220420255,1.557147029542914
320,MCRI,237.88028345877404,28.980714984744687,133.43049922175936,1.565605837439322
252,HUM,163.44128938447355,19.908805835147014,91.67504760981028,1.565665765020742
17,AME,167.6919555162274,20.27947774049568,93.98571662836154,1.5684561767893983
384,ODFL,126.6757338440703,15.23909725393684,70.95741554900357,1.5704720321045897
326,MEOH,308.8409855630798,37.047202101811635,172.94409383244573,1.5715701961154653
333,MIDD,127.61288306070733,15.254621173880292,71.4337521172938,1.5729015844265806
36,ATNI,151.46337196495162,18.022839049692692,84.74310550732216,1.5746476614988947
179,EXPO,156.18343348726873,18.28643947928125,87.23493648327499,1.5807542203509897
92,CCJ,130.46631138316317,15.242385970026726,72.85434867659495,1.5815655140178757
291,KNX,219.42916556403483,25.531683749655247,122.48042465684505,1.5830895619248921
204,FTEK,194.056048755033,22.56225099632731,108.30914987568016,1.5833731310378705
121,CRMT,265.352687778973,30.442774154462615,147.8977309667178,1.5883266909441185
393,OXY,152.43487478497963,17.383169290735804,84.90902203785771,1.5905460015077009
187,FDP,309.4029610279525,34.61932214021357,172.01114158408302,1.5974758167244552
171,ESE,200.6770156539015,21.79136278755312,111.2341892207273,1.6081894795077534
155,ECOL,112.92920266953728,12.153689561347356,62.54144611544231,1.6113396694117554
445,RNR,275.96690537060056,29.474181879948073,152.7205436252743,1.614011564125021
591,WWD,199.0467165327761,21.13566821420487,110.09119237349049,1.6160334399412997
444,RMCF,230.79015107569512,24.491967230189367,127.64105915294225,1.6162368536782106
416,POWL,246.38239140450753,25.92218355668699,136.15228748059727,1.6192178032942544
69,BPT,144.06403553639245,14.858014087820127,79.46102481210629,1.626030141872612
610,CFFN,240.66101653801502,24.74181809273431,132.70141731537467,1.6271054432834946
239,HNGR,332.0191937861711,33.75136566741929,182.8852797267952,1.6309012325339791
242,HOLX,137.4204745834963,13.568993107743902,75.49473384562009,1.6405314008923784
250,HTLD,266.84753760108265,26.27605471855806,146.56179615982035,1.6414337786921638
147,DORM,220.18334545553398,20.974988800989795,120.57916712826189,1.6520959747768307
259,ICUI,339.8677958444725,31.788053991655435,185.82792491806396,1.6578764574197171
273,J,213.6887299209407,19.94921996586049,116.81897494340059,1.6584592532929519
391,ORLY,231.12617780305436,21.23261742704165,126.179397615048,1.6634534982990048
448,ROST,262.2514212310602,23.978312018330648,143.11486662469542,1.664908159664343
526,TOL,272.96828889055587,24.71310259905389,148.8406957448049,1.6679254625169746
414,PNRG,167.69770294205938,15.000570415584175,91.34913667882178,1.6715771826432184
549,UNH,301.51556124115893,26.89358470614745,164.2045729736532,1.6724380543230966
227,HCSG,167.76131678879506,14.529970141871296,91.14564346533318,1.6811702767253442
323,MDC,317.0040364417961,26.315228520139577,171.65963248096782,1.6934022502575594
72,BRO,306.51341358981637,25.275191018595017,165.8943023042057,1.6952856045381584
25,ANSS,156.60585540182237,12.886968358252926,84.74641188003764,1.6958698764380726
39,ATRI,171.778080130801,13.951939987062097,92.86501005893155,1.6995221348017238
481,SLGN,186.0621012843461,15.070164147370186,100.56613271585815,1.700293453861853
628,BLK,220.18695379359175,17.675726910650976,118.93134035212137,1.7027574589117005
394,OZK,267.92129616733763,21.1426693129875,144.53198274016256,1.707432653836937
74,BTI,236.15537709276086,18.05488248483968,127.10512978880027,1.7159063129105814
59,BIO,292.05186079024776,22.12456321724168,157.08821200374473,1.7183166969051211
356,NEOG,186.21553703244226,14.067072260047423,100.14130464624483,1.7190555423710487
350,MUX,173.76951743466685,12.92695151924452,93.34823447695568,1.7230381143965672
458,SAFM,217.44755421387651,16.133584421718552,116.79056931779753,1.7237176851528546
341,MNRO,209.73517169050794,15.448498865154617,112.59183527783128,1.725584029658386
276,JBHT,188.2169947426038,13.456093059163148,100.83654390088347,1.7331107842730167
305,LMT,343.7148681295631,24.499162891499278,184.1070155105312,1.7338595400771364
559,VLGEA,179.16529272313193,12.039516694093317,95.60240470861262,1.748133601225018
571,WCN,298.30016624184105,19.554820850345177,158.9274935460931,1.7539151922172138
63,BLL,312.4793107975028,20.474985184356363,166.47714799092958,1.7540204715007262
311,LXU,238.35510158816592,15.37911562593404,126.86710860704999,1.7575555115145198
68,BOOM,128.4088294579639,8.141798239940282,68.27531384895208,1.761500964815697
7,AEM,219.28475905591384,13.77280463483398,116.52878184537391,1.7636154018479382
503,STRA,212.64912226853286,13.340372556542615,112.99474741253773,1.7638762356300046
165,EOG,214.95116124398592,13.20462289593746,114.07789206996169,1.7684981260376142
46,AZO,299.75811289636374,17.708136386466315,158.73312464141503,1.7768816505506364
120,CRK,172.08148930947732,10.054139487565779,91.06781439852155,1.779194448577235
1,ABC,409.20225167113625,23.625201856067818,216.41372676360203,1.7816663276458926
504,STRL,131.12747570699898,7.507715878051084,69.31759579252503,1.7833821040036508
553,USPH,443.896533303831,25.32113461861497,234.60883396122298,1.7841416779489205
144,DGX,316.6910065551137,17.90337915862167,167.29719285686767,1.7859691623882892
409,PHX,182.29803764434592,10.239641355237898,96.26883949979191,1.787269870324758
338,MMSI,366.6419804609382,20.460669201236325,193.55132483108727,1.7885762939717162
141,DECK,120.12226968756714,6.568199434960132,63.34523456126364,1.7926221449663187
551,URBN,188.52726302074106,10.267697335739937,99.3974801782405,1.7934012548944338
248,HSIC,364.96827525172614,19.17324440812978,192.07075982992797,1.8003522824077227
110,CMD,353.7088505837092,17.824507841142623,185.7666792124259,1.8080979009076203
302,LH,325.75456216323767,16.203512949122768,170.97903755618023,1.810461993695588
40,ATVI,263.1855066985557,12.966278017607754,138.07589235808172,1.8121862144626752
104,CHS,668.3066322150802,31.523648368689592,349.9151402918849,1.8198211809732276
581,WRB,304.5749387433525,14.186658905129365,159.38079882424094,1.82197781652765
55,BCPC,259.3084583016616,11.833701422050396,135.571079861856,1.8254243982697682
418,PRDO,470.73975443057566,20.978929957636673,245.85934219410618,1.8293420150691382
430,RAVN,272.11938926591046,11.76704460409087,141.94321693500066,1.8342006774514727
266,INT,270.36270916434347,11.53495268829049,140.948830926317,1.8363242516808023
379,NXGN,161.4083045377326,6.715084923594949,84.06169473066377,1.840234367267748
199,FLO,262.60941604510555,10.920088870427334,136.76475245776643,1.8403084321919934
240,HNP,370.46674112259547,15.03193534029655,192.74933823144602,1.844026075749772
216,GILD,199.94901593049056,8.052965017211108,104.00099047385083,1.845136763015043
198,FLIR,231.74890758983048,9.182419155968201,120.46566337289934,1.8475512623452843
270,ITRI,279.01655125171476,10.771199627889489,144.89387543980212,1.8513229134744968
564,VTR,365.7162816782745,14.054129363921419,189.885205521098,1.8519723606127925
160,EGY,203.09974131343148,7.77730184403562,105.43852157873354,1.8524770315898615
530,TSCO,373.04362175480077,13.207276022140412,193.1254488884706,1.8632259383923286
347,MTH,653.7668170454972,23.0913018666383,338.42905945606776,1.8635383031010913
322,MD,369.7711772610172,12.402939817636996,191.0870585393271,1.8701854546043537
325,MED,291.6907318666416,8.808492877015057,150.24961237182833,1.8827485443993512
231,HFC,246.02438323064848,7.198342508500401,126.61136286957444,1.88629231460188
60,BJRI,488.96926780208156,12.545846444756863,250.75755712341922,1.899936443880876
491,SRCL,361.350764379657,8.908273191902007,185.1295187857795,1.9037617204395143
534,TVTY,539.1465471727768,13.148722492674066,276.14763483272543,1.9047703414107542
440,RGLD,404.13016641907564,9.791549871335995,206.9608581452058,1.905377761195152
450,RRC,187.98622735451482,4.540446266988744,96.26333681075178,1.9056661358848386
405,PENN,441.65972457526925,10.62113646832707,226.14043052179815,1.906066010011392
436,RDNT,558.5163995818951,12.301849143652403,285.40912436277375,1.9137949834566894
497,SSRM,332.3028418436005,7.288897693892691,169.7958697687466,1.9141451708593407
523,TISI,350.5095546657344,7.643584651362271,179.07656965854835,1.9146333362769168
372,NVR,679.7677494919939,12.210406729218121,345.989078110606,1.9294173862602988
18,AMED,258.46563257220595,4.570333049609523,131.51798281090774,1.9304987355808125
509,SWN,180.23303568931496,2.7650525230251124,91.49904410617003,1.9395610620846115
299,LCI,963.2186402345045,13.930841092405608,488.57474066345503,1.9429735517088407
43,AVD,448.9041453468217,5.265607143122153,227.08487624497192,1.953624325580874
108,CLH,419.1250236069825,4.668105195071505,211.896564401027,1.9559397745945815
185,FCN,779.0459730080754,7.99550346987049,393.52073823897297,1.9593642586377997
149,DVA,549.8752223583065,5.519994570438777,277.69760846437265,1.9602445652955847
290,KMX,1038.596492586369,9.379381414473912,523.9879370004215,1.9642000101446364
632,OMEX,636.5563351263244,4.678730683242763,320.61753290478356,1.9708142555969812
